authority_code,authority_name,tier,tier_label,region,election_year,fi_value,n_parties,turnout_pct,is_whole_council,n_wards_observed
E08000001,Bolton,1,Metropolitan Borough,North West,2014,3.501625088949286,9,36.28502681838689,False,20
E08000001,Bolton,1,Metropolitan Borough,North West,2015,3.5446001241938854,6,59.77181194572499,False,20
E08000001,Bolton,1,Metropolitan Borough,North West,2016,3.57559753781593,6,38.45274091713798,False,20
E08000001,Bolton,1,Metropolitan Borough,North West,2018,3.497254775421092,7,35.63033623634653,False,20
E08000001,Bolton,1,Metropolitan Borough,North West,2022,3.2074564492739386,13,34.01975724904916,True,30
E08000002,Bury,1,Metropolitan Borough,North West,2014,3.316259514824181,6,36.00957668572372,False,17
E08000002,Bury,1,Metropolitan Borough,North West,2015,3.2667857389802553,7,65.1288125140166,False,17
E08000002,Bury,1,Metropolitan Borough,North West,2016,3.045433778703075,6,38.577904511223224,False,17
E08000002,Bury,1,Metropolitan Borough,North West,2018,2.5777863758107165,7,37.26278783617507,False,17
E08000002,Bury,1,Metropolitan Borough,North West,2022,2.2927536170748604,10,24.821335523454984,True,29
E08000003,Manchester,1,Metropolitan Borough,North West,2014,2.660510876281754,13,29.41393431864122,False,32
E08000003,Manchester,1,Metropolitan Borough,North West,2015,2.607040056953044,11,54.045049081503805,False,32
E08000003,Manchester,1,Metropolitan Borough,North West,2016,2.2700465024485874,10,28.94926801573462,False,32
E08000003,Manchester,1,Metropolitan Borough,North West,2018,1.9176515222046564,9,10.31304711070869,False,32
E08000003,Manchester,1,Metropolitan Borough,North West,2022,1.7038940392021167,9,27.107192326639428,True,50
E08000004,Oldham,1,Metropolitan Borough,North West,2014,3.385785153521083,7,34.35243153976979,False,20
E08000004,Oldham,1,Metropolitan Borough,North West,2015,3.4562009796351596,8,61.57332101242429,False,20
E08000004,Oldham,1,Metropolitan Borough,North West,2016,3.2890777030841316,6,36.067911583897015,False,20
E08000004,Oldham,1,Metropolitan Borough,North West,2018,2.5655106023680108,7,29.876801211340045,False,20
E08000004,Oldham,1,Metropolitan Borough,North West,2022,3.2182402957136653,11,32.66067810114904,True,32
E08000005,Rochdale,1,Metropolitan Borough,North West,2014,3.40351770903515,7,33.26702419555999,False,20
E08000005,Rochdale,1,Metropolitan Borough,North West,2015,3.414614513120247,9,58.96288447754682,False,20
E08000005,Rochdale,1,Metropolitan Borough,North West,2016,2.9365316251074565,7,36.760928844490515,False,20
E08000005,Rochdale,1,Metropolitan Borough,North West,2018,2.7512242393270276,6,31.2062623084831,False,20
E08000005,Rochdale,1,Metropolitan Borough,North West,2022,3.3296367776015123,8,24.97509743300537,True,38
E08000006,Salford,1,Metropolitan Borough,North West,2014,3.156002488158792,11,29.645779041973963,False,20
E08000006,Salford,1,Metropolitan Borough,North West,2015,3.0299788801545784,8,57.251693509262644,False,20
E08000006,Salford,1,Metropolitan Borough,North West,2016,2.9556798627479366,9,28.58601626779657,False,20
E08000006,Salford,1,Metropolitan Borough,North West,2018,2.6848140138920895,10,26.123468388220267,False,20
E08000006,Salford,1,Metropolitan Borough,North West,2022,3.2557208476889596,7,30.16858631648969,True,28
E08000007,Stockport,1,Metropolitan Borough,North West,2014,4.3939641799895135,7,36.31802565106813,False,21
E08000007,Stockport,1,Metropolitan Borough,North West,2015,4.304636949976074,8,66.32103127992025,False,21
E08000007,Stockport,1,Metropolitan Borough,North West,2016,4.1136829228285885,8,39.01182473872725,False,21
E08000007,Stockport,1,Metropolitan Borough,North West,2018,3.4804538344249525,8,35.0548386774847,False,21
E08000007,Stockport,1,Metropolitan Borough,North West,2022,3.242331678018689,9,39.14717536275594,True,32
E08000008,Tameside,1,Metropolitan Borough,North West,2014,3.1401590254732707,8,32.142857142857146,False,19
E08000008,Tameside,1,Metropolitan Borough,North West,2015,3.0220654589147338,8,57.09895513214505,False,19
E08000008,Tameside,1,Metropolitan Borough,North West,2016,2.95725696533458,8,31.50433492150277,False,19
E08000008,Tameside,1,Metropolitan Borough,North West,2018,2.518639273697685,10,28.26816423544764,False,19
E08000008,Tameside,1,Metropolitan Borough,North West,2022,3.092558652683102,7,30.474717547779722,True,26
E08000009,Trafford,1,Metropolitan Borough,North West,2014,3.1784318096959234,6,38.68266447529804,False,21
E08000009,Trafford,1,Metropolitan Borough,North West,2015,2.7489957133825973,5,70.26136518180581,False,21
E08000009,Trafford,1,Metropolitan Borough,North West,2016,3.0363300175167542,6,41.09030979760384,False,21
E08000009,Trafford,1,Metropolitan Borough,North West,2018,2.801972669699667,7,42.086796101531036,False,21
E08000009,Trafford,1,Metropolitan Borough,North West,2022,2.4542483537835262,6,37.41952124566324,True,32
E08000010,Wigan,1,Metropolitan Borough,North West,2014,3.134261678244094,13,28.714570371274043,False,25
E08000010,Wigan,1,Metropolitan Borough,North West,2015,2.9672406076024576,11,60.296164123929614,False,25
E08000010,Wigan,1,Metropolitan Borough,North West,2016,3.2010515490721034,9,30.974046835519975,False,25
E08000010,Wigan,1,Metropolitan Borough,North West,2018,2.888500368451013,9,26.34898953048377,False,25
E08000010,Wigan,1,Metropolitan Borough,North West,2022,2.802209246622612,12,28.563719215622083,True,35
E08000011,Knowsley,1,Metropolitan Borough,North West,2014,2.0852506364334498,9,26.13613196592712,True,21
E08000011,Knowsley,1,Metropolitan Borough,North West,2015,1.701186333784887,9,56.46662705486235,True,21
E08000011,Knowsley,1,Metropolitan Borough,North West,2016,1.76437520942077,8,12.431523306102836,False,15
E08000011,Knowsley,1,Metropolitan Borough,North West,2018,2.2296235670622284,7,24.17637242589502,False,15
E08000011,Knowsley,1,Metropolitan Borough,North West,2022,1.8545438324056125,7,26.84110575706987,True,20
E08000012,Liverpool,1,Metropolitan Borough,North West,2014,2.685586253272025,11,30.374778931180316,True,30
E08000012,Liverpool,1,Metropolitan Borough,North West,2015,2.192830814627697,10,65.98501823653523,True,30
E08000012,Liverpool,1,Metropolitan Borough,North West,2016,2.5785653880061665,10,30.682272135668356,True,30
E08000012,Liverpool,1,Metropolitan Borough,North West,2018,2.2209336461329223,8,28.90609742109685,True,30
E08000012,Liverpool,1,Metropolitan Borough,North West,2022,2.685851456487014,7,17.242618434449305,False,3
E08000013,St. Helens,1,Metropolitan Borough,North West,2014,2.983272128874021,7,30.903047823088325,False,16
E08000013,St. Helens,1,Metropolitan Borough,North West,2015,2.683440231393401,7,60.14280009465775,False,16
E08000013,St. Helens,1,Metropolitan Borough,North West,2016,2.609660571302492,6,28.874138468202162,False,16
E08000013,St. Helens,1,Metropolitan Borough,North West,2018,3.190968025543846,7,27.750034427524625,False,16
E08000013,St. Helens,1,Metropolitan Borough,North West,2022,2.9612399358642723,9,25.655723420468473,True,30
E08000014,Sefton,1,Metropolitan Borough,North West,2014,4.208812136164205,10,34.257440893672374,False,22
E08000014,Sefton,1,Metropolitan Borough,North West,2015,3.551002536244839,9,66.22370857344956,False,22
E08000014,Sefton,1,Metropolitan Borough,North West,2016,3.5882574848177184,8,31.40615601872434,False,22
E08000014,Sefton,1,Metropolitan Borough,North West,2018,2.8818052345294936,8,30.823658183808295,False,22
E08000014,Sefton,1,Metropolitan Borough,North West,2022,2.6164094122420365,9,33.85679525064558,True,30
E08000015,Wirral,1,Metropolitan Borough,North West,2014,3.7161242787620834,7,34.40183730307187,False,22
E08000015,Wirral,1,Metropolitan Borough,North West,2015,3.0556120989840223,7,70.49208907182128,False,22
E08000015,Wirral,1,Metropolitan Borough,North West,2016,3.0198122124759745,7,34.75194706850382,False,22
E08000015,Wirral,1,Metropolitan Borough,North West,2018,2.8216655720296093,7,35.43206871513912,False,22
E08000015,Wirral,1,Metropolitan Borough,North West,2022,1.7984496440937403,10,34.315701745674936,True,32
E08000016,Barnsley,1,Metropolitan Borough,Yorkshire and The Humber,2014,3.2239583273312924,10,28.95530228002692,False,21
E08000016,Barnsley,1,Metropolitan Borough,Yorkshire and The Humber,2015,2.9737138525557016,11,56.9383284529584,False,21
E08000016,Barnsley,1,Metropolitan Borough,Yorkshire and The Humber,2016,2.7977199085690385,11,27.568323182013074,False,21
E08000016,Barnsley,1,Metropolitan Borough,Yorkshire and The Humber,2018,2.595470119150245,10,24.55596607981482,False,21
E08000016,Barnsley,1,Metropolitan Borough,Yorkshire and The Humber,2022,2.129705782547003,12,27.954199387487876,True,32
E08000017,Doncaster,1,Metropolitan Borough,Yorkshire and The Humber,2014,3.7392393174168,11,31.285502565419318,True,21
E08000017,Doncaster,1,Metropolitan Borough,Yorkshire and The Humber,2015,3.3999778435209276,10,25.16226843064753,True,21
E08000017,Doncaster,1,Metropolitan Borough,Yorkshire and The Humber,2016,2.825557409193022,4,32.62465198683878,False,1
E08000017,Doncaster,1,Metropolitan Borough,Yorkshire and The Humber,2018,2.512564523335933,6,17.362284207490422,False,2
E08000017,Doncaster,1,Metropolitan Borough,Yorkshire and The Humber,2022,3.2034182794322903,5,13.894688007422872,False,1
E08000018,Rotherham,1,Metropolitan Borough,Yorkshire and The Humber,2014,2.6801308808052875,9,34.249232831293426,True,21
E08000018,Rotherham,1,Metropolitan Borough,Yorkshire and The Humber,2015,2.896879205703514,7,58.886592415912034,True,21
E08000018,Rotherham,1,Metropolitan Borough,Yorkshire and The Humber,2016,2.78215946887256,8,12.598899430153967,True,21
E08000019,Sheffield,1,Metropolitan Borough,Yorkshire and The Humber,2014,4.151953236767421,7,35.19508632504115,False,28
E08000019,Sheffield,1,Metropolitan Borough,Yorkshire and The Humber,2015,3.9369781770872456,6,64.41166061093698,False,28
E08000019,Sheffield,1,Metropolitan Borough,Yorkshire and The Humber,2016,3.4991411599818942,8,12.55882325167066,False,28
E08000019,Sheffield,1,Metropolitan Borough,Yorkshire and The Humber,2018,3.6796141808374547,10,30.801885657935877,False,28
E08000019,Sheffield,1,Metropolitan Borough,Yorkshire and The Humber,2022,1.661835342142642,12,31.387773290575876,True,42
E08000021,Newcastle upon Tyne,1,Metropolitan Borough,North East,2014,3.5093567565651687,10,32.81852785350548,False,25
E08000021,Newcastle upon Tyne,1,Metropolitan Borough,North East,2015,3.5813656113641046,8,62.18315225059969,False,25
E08000021,Newcastle upon Tyne,1,Metropolitan Borough,North East,2016,3.574400841198384,9,40.16123827370876,False,25
E08000021,Newcastle upon Tyne,1,Metropolitan Borough,North East,2018,3.156895209185588,9,14.083809942806862,False,26
E08000021,Newcastle upon Tyne,1,Metropolitan Borough,North East,2022,3.812752599424812,11,37.79989561904762,True,38
E08000022,North Tyneside,1,Metropolitan Borough,North East,2014,3.0359571805862853,7,34.91236380862151,False,20
E08000022,North Tyneside,1,Metropolitan Borough,North East,2015,2.7102975842971113,7,63.70854052391449,False,20
E08000022,North Tyneside,1,Metropolitan Borough,North East,2016,2.680601749023965,7,37.12861520655505,False,20
E08000022,North Tyneside,1,Metropolitan Borough,North East,2018,2.339081262304784,7,35.3618943316506,False,20
E08000022,North Tyneside,1,Metropolitan Borough,North East,2022,3.145321244651793,7,38.87229927471689,True,27
E08000023,South Tyneside,1,Metropolitan Borough,North East,2014,2.786356414940649,7,34.15418726373946,False,17
E08000023,South Tyneside,1,Metropolitan Borough,North East,2015,2.7015555507465177,5,58.209718670076725,False,17
E08000023,South Tyneside,1,Metropolitan Borough,North East,2016,2.70987577827945,6,33.49606356479209,False,17
E08000023,South Tyneside,1,Metropolitan Borough,North East,2018,2.490583883410737,5,32.814556014338216,False,17
E08000023,South Tyneside,1,Metropolitan Borough,North East,2022,2.994198749171274,8,33.42605211242046,True,24
E08000024,Sunderland,1,Metropolitan Borough,North East,2014,3.177389035812823,7,32.48594669049214,False,25
E08000024,Sunderland,1,Metropolitan Borough,North East,2015,3.030120353350344,8,55.33909742523451,False,25
E08000024,Sunderland,1,Metropolitan Borough,North East,2016,2.782769733740889,8,32.18428614274243,False,25
E08000024,Sunderland,1,Metropolitan Borough,North East,2018,3.0991605494749366,9,33.37974530018193,False,25
E08000024,Sunderland,1,Metropolitan Borough,North East,2022,2.976588923170528,9,33.2963091005395,True,36
E08000025,Birmingham,1,Metropolitan Borough,West Midlands,2014,3.519522355746798,11,31.431284143163754,False,40
E08000025,Birmingham,1,Metropolitan Borough,West Midlands,2015,3.2316683207406975,11,57.6477360675804,False,40
E08000025,Birmingham,1,Metropolitan Borough,West Midlands,2016,3.0116583941582538,11,31.64424803516153,False,40
E08000025,Birmingham,1,Metropolitan Borough,West Midlands,2018,2.638108171257293,11,22.429639849673013,False,69
E08000025,Birmingham,1,Metropolitan Borough,West Midlands,2022,2.587812459603024,11,26.483787521195854,True,111
E08000026,Coventry,1,Metropolitan Borough,West Midlands,2014,3.4829356489314587,8,29.371443241624235,False,18
E08000026,Coventry,1,Metropolitan Borough,West Midlands,2015,3.28828466602959,7,59.11719224242209,False,18
E08000026,Coventry,1,Metropolitan Borough,West Midlands,2016,2.9938718339253643,7,29.04616190063547,False,18
E08000026,Coventry,1,Metropolitan Borough,West Midlands,2018,2.5409434007316922,7,27.41021286576123,False,18
E08000026,Coventry,1,Metropolitan Borough,West Midlands,2022,2.518721170018741,9,33.52544702345445,True,29
E08000027,Dudley,1,Metropolitan Borough,West Midlands,2014,3.381154853488032,6,35.36626812604573,False,24
E08000027,Dudley,1,Metropolitan Borough,West Midlands,2015,3.220836131668002,6,64.75812992177485,False,24
E08000027,Dudley,1,Metropolitan Borough,West Midlands,2016,3.175914796349834,7,29.71943133701543,False,24
E08000027,Dudley,1,Metropolitan Borough,West Midlands,2018,2.548118313472775,6,30.29411638033137,False,24
E08000027,Dudley,1,Metropolitan Borough,West Midlands,2022,2.679763127774911,8,31.408678929924687,True,35
E08000028,Sandwell,1,Metropolitan Borough,West Midlands,2014,2.429359542331747,6,30.631106301463113,False,24
E08000028,Sandwell,1,Metropolitan Borough,West Midlands,2015,2.6480787416360063,6,56.13283856085745,False,24
E08000028,Sandwell,1,Metropolitan Borough,West Midlands,2016,2.0251132323492635,5,27.340964701566982,False,24
E08000028,Sandwell,1,Metropolitan Borough,West Midlands,2018,1.9025935036699169,8,24.249253430790784,False,24
E08000028,Sandwell,1,Metropolitan Borough,West Midlands,2022,1.937274525085832,9,26.651431962077332,True,34
E08000029,Solihull,1,Metropolitan Borough,West Midlands,2014,4.238438266388574,6,33.623315289098244,False,17
E08000029,Solihull,1,Metropolitan Borough,West Midlands,2015,3.125419700011001,5,67.55672542741803,False,17
E08000029,Solihull,1,Metropolitan Borough,West Midlands,2016,3.31424432044162,7,32.26618148033447,False,17
E08000029,Solihull,1,Metropolitan Borough,West Midlands,2018,2.9692975906251853,5,31.50846863976383,False,17
E08000029,Solihull,1,Metropolitan Borough,West Midlands,2022,1.5006109401888723,7,30.078535261568824,True,30
E08000030,Walsall,1,Metropolitan Borough,West Midlands,2014,3.5076930752680027,7,34.05846812100147,False,20
E08000030,Walsall,1,Metropolitan Borough,West Midlands,2015,3.239031249755305,8,60.249587080198204,False,20
E08000030,Walsall,1,Metropolitan Borough,West Midlands,2016,2.9660796398675897,7,30.661152670951427,False,20
E08000030,Walsall,1,Metropolitan Borough,West Midlands,2018,2.4571310926466854,6,28.022551892675704,False,20
E08000030,Walsall,1,Metropolitan Borough,West Midlands,2022,1.743737793271115,7,27.774994517602988,True,29
E08000031,Wolverhampton,1,Metropolitan Borough,West Midlands,2014,3.0540285169654813,7,32.48922926949516,False,20
E08000031,Wolverhampton,1,Metropolitan Borough,West Midlands,2015,2.9606942001216177,7,58.52104791759964,False,20
E08000031,Wolverhampton,1,Metropolitan Borough,West Midlands,2016,2.6660378569607177,8,28.7098019622093,False,20
E08000031,Wolverhampton,1,Metropolitan Borough,West Midlands,2018,2.2160047546933033,6,26.728961101488093,False,20
E08000031,Wolverhampton,1,Metropolitan Borough,West Midlands,2022,2.513626019743731,7,29.575745227354417,True,28
E08000032,Bradford,3,West Yorkshire,Yorkshire and The Humber,2014,4.132066127330918,9,36.52766457099538,False,30
E08000032,Bradford,3,West Yorkshire,Yorkshire and The Humber,2015,3.92187852782583,9,65.99955019116875,False,30
E08000032,Bradford,3,West Yorkshire,Yorkshire and The Humber,2016,4.07971454737053,8,38.42889887667347,False,30
E08000032,Bradford,3,West Yorkshire,Yorkshire and The Humber,2018,2.788623990290399,12,35.144587205206484,False,30
E08000032,Bradford,3,West Yorkshire,Yorkshire and The Humber,2022,1.8979652119751724,13,33.242707765830346,True,48
E08000033,Calderdale,3,West Yorkshire,Yorkshire and The Humber,2014,4.252869054233894,7,36.01966101694915,False,17
E08000033,Calderdale,3,West Yorkshire,Yorkshire and The Humber,2015,3.432456100070422,8,66.8589190122604,False,17
E08000033,Calderdale,3,West Yorkshire,Yorkshire and The Humber,2016,3.731338794825698,9,38.37130486505927,False,17
E08000033,Calderdale,3,West Yorkshire,Yorkshire and The Humber,2018,3.149444218583677,7,40.689909734572666,False,17
E08000033,Calderdale,3,West Yorkshire,Yorkshire and The Humber,2022,1.9914392253333724,9,34.35146123751941,True,25
E08000034,Kirklees,3,West Yorkshire,Yorkshire and The Humber,2014,3.928350507038198,9,35.21021092924436,False,23
E08000034,Kirklees,3,West Yorkshire,Yorkshire and The Humber,2015,3.8754601970092315,10,65.38338674093818,False,23
E08000034,Kirklees,3,West Yorkshire,Yorkshire and The Humber,2016,3.83245331453687,7,36.442031406615435,False,23
E08000034,Kirklees,3,West Yorkshire,Yorkshire and The Humber,2018,3.2017712177136985,11,35.11940026432119,False,23
E08000034,Kirklees,3,West Yorkshire,Yorkshire and The Humber,2022,2.013390698432189,10,34.01088033083231,True,34
E08000035,Leeds,3,West Yorkshire,Yorkshire and The Humber,2014,4.154796845211334,10,34.909887687722346,False,33
E08000035,Leeds,3,West Yorkshire,Yorkshire and The Humber,2015,3.769727836104434,11,66.85389887960643,False,33
E08000035,Leeds,3,West Yorkshire,Yorkshire and The Humber,2016,3.7099933223797623,10,34.98310260432058,False,33
E08000035,Leeds,3,West Yorkshire,Yorkshire and The Humber,2018,3.2336355129433927,17,13.760495315441066,False,33
E08000035,Leeds,3,West Yorkshire,Yorkshire and The Humber,2022,2.217163134289456,14,32.16274562422096,True,60
E08000036,Wakefield,3,West Yorkshire,Yorkshire and The Humber,2014,3.073350328353478,7,29.855339493549245,False,21
E08000036,Wakefield,3,West Yorkshire,Yorkshire and The Humber,2015,2.908621726930361,8,57.704240732637125,False,21
E08000036,Wakefield,3,West Yorkshire,Yorkshire and The Humber,2016,2.806655556975988,8,30.357562683803057,False,21
E08000036,Wakefield,3,West Yorkshire,Yorkshire and The Humber,2018,2.5752085728460457,9,26.996810793507773,False,21
E08000036,Wakefield,3,West Yorkshire,Yorkshire and The Humber,2022,2.567455019835637,8,31.771477660380278,True,33
E08000037,Gateshead,1,Metropolitan Borough,North East,2014,3.0774867536479253,9,35.43251989853932,False,22
E08000037,Gateshead,1,Metropolitan Borough,North East,2015,3.031165915929248,8,63.581756101673484,False,22
E08000037,Gateshead,1,Metropolitan Borough,North East,2016,2.9679973355068974,7,35.43290528794931,False,22
E08000037,Gateshead,1,Metropolitan Borough,North East,2018,2.640563780753732,10,32.36208660075008,False,22
E08000037,Gateshead,1,Metropolitan Borough,North East,2022,1.8947489284015813,9,32.74755174769491,True,32
E09000002,Barking and Dagenham,2,London Borough,London,2014,1.9520308523195982,10,14.3458703439137,False,17
E09000002,Barking and Dagenham,2,London Borough,London,2018,1.5688016953944226,5,9.873655832855519,False,17
E09000002,Barking and Dagenham,2,London Borough,London,2022,1.9699609189425675,8,23.62906285128771,True,38
E09000003,Barnet,2,London Borough,London,2014,2.896918403606769,7,14.044749252825154,False,21
E09000003,Barnet,2,London Borough,London,2015,2.102798078120569,5,71.7193308550186,False,1
E09000003,Barnet,2,London Borough,London,2016,3.178115618764165,5,50.428429692432566,False,1
E09000003,Barnet,2,London Borough,London,2018,2.5378348651141276,8,14.621416335369599,False,21
E09000003,Barnet,2,London Borough,London,2022,2.1660879706759912,9,27.746167107588366,True,75
E09000004,Bexley,2,London Borough,London,2014,2.8719317523939125,9,14.823873662579016,False,21
E09000004,Bexley,2,London Borough,London,2018,2.251663470599668,9,18.00586073308831,False,17
E09000004,Bexley,2,London Borough,London,2022,1.935637647889422,9,26.67029514295226,True,47
E09000005,Brent,2,London Borough,London,2014,2.7183663026132714,8,13.041862330071634,False,21
E09000005,Brent,2,London Borough,London,2016,2.528174185075781,6,44.09665019220208,False,1
E09000005,Brent,2,London Borough,London,2018,2.252482408561529,8,12.374558566596036,False,21
E09000005,Brent,2,London Borough,London,2022,1.9399735674487284,7,25.275452484845808,True,74
E09000006,Bromley,2,London Borough,London,2014,3.1260772714806304,8,17.35502623892793,False,22
E09000006,Bromley,2,London Borough,London,2018,2.8629614394103826,9,16.108374725495494,False,22
E09000006,Bromley,2,London Borough,London,2022,2.414996183216698,10,27.775798653550734,True,69
E09000007,Camden,2,London Borough,London,2014,3.27124335239437,7,13.38431794138916,False,18
E09000007,Camden,2,London Borough,London,2015,2.847634224012089,5,70.58744993324433,False,1
E09000007,Camden,2,London Borough,London,2018,2.952804877857839,7,13.05750865778151,False,18
E09000007,Camden,2,London Borough,London,2022,1.9224989303875413,11,29.073034049761837,True,67
E09000008,Croydon,2,London Borough,London,2014,3.2208912163686487,10,13.986318121581446,False,24
E09000008,Croydon,2,London Borough,London,2016,2.1451033250051696,7,44.03452975920036,False,1
E09000008,Croydon,2,London Borough,London,2018,2.6134967224402446,9,11.416176924673378,False,28
E09000008,Croydon,2,London Borough,London,2022,2.433108730886299,11,26.311151385399867,True,102
E09000009,Ealing,2,London Borough,London,2014,2.654614454504854,8,14.665677608126765,False,23
E09000009,Ealing,2,London Borough,London,2015,3.140736007027297,5,72.84996861268048,False,1
E09000009,Ealing,2,London Borough,London,2018,2.5091332012829386,9,15.64900798288673,False,23
E09000009,Ealing,2,London Borough,London,2022,2.1052842331789496,10,26.110115351245252,True,111
E09000010,Enfield,2,London Borough,London,2014,2.6112296882068238,9,14.76438994971056,False,21
E09000010,Enfield,2,London Borough,London,2015,2.368953072203425,5,60.00214638334406,False,1
E09000010,Enfield,2,London Borough,London,2018,2.3534921374535633,9,13.993359998882466,False,21
E09000010,Enfield,2,London Borough,London,2022,2.352711854779405,8,29.4616759347179,True,76
E09000011,Greenwich,2,London Borough,London,2014,2.7412601142151036,8,15.10353227771011,False,17
E09000011,Greenwich,2,London Borough,London,2015,3.6883579591984805,7,70.65287653522948,False,1
E09000011,Greenwich,2,London Borough,London,2016,2.7412910950207925,7,41.23438782022062,False,1
E09000011,Greenwich,2,London Borough,London,2018,2.606478165054126,13,13.186936339131409,False,17
E09000011,Greenwich,2,London Borough,London,2022,2.1881216668679757,11,30.505384902179415,True,63
E09000012,Hackney,2,London Borough,London,2014,2.4987295740888142,7,13.511900037042917,False,21
E09000012,Hackney,2,London Borough,London,2016,2.3081708574002744,5,52.45642701525054,False,2
E09000012,Hackney,2,London Borough,London,2018,2.248715126448411,8,14.19455037226061,False,21
E09000012,Hackney,2,London Borough,London,2022,2.3973225190085587,9,27.75500152831877,True,39
E09000013,Hammersmith and Fulham,2,London Borough,London,2014,2.537205149906798,8,13.871284978990257,False,16
E09000013,Hammersmith and Fulham,2,London Borough,London,2018,2.36873125051384,6,13.926372228422474,False,16
E09000013,Hammersmith and Fulham,2,London Borough,London,2022,1.8686902413723883,8,25.05079223083663,True,37
E09000014,Haringey,2,London Borough,London,2014,3.042818231253689,7,13.295588366788236,False,19
E09000014,Haringey,2,London Borough,London,2018,2.482449412127749,11,13.491271484799364,False,19
E09000014,Haringey,2,London Borough,London,2022,1.974491127614855,9,23.39346328380934,True,44
E09000015,Harrow,2,London Borough,London,2014,2.9765474037012103,7,14.212798509579573,False,21
E09000015,Harrow,2,London Borough,London,2018,2.353459216848107,6,13.875613588867111,False,21
E09000015,Harrow,2,London Borough,London,2022,2.497243025565306,10,27.46717383864849,True,55
E09000016,Havering,2,London Borough,London,2014,5.935295577930512,16,16.624047265890123,False,18
E09000016,Havering,2,London Borough,London,2016,4.353293892309001,8,39.07444246675741,False,1
E09000016,Havering,2,London Borough,London,2018,4.858928134687645,15,13.760514227504714,False,18
E09000016,Havering,2,London Borough,London,2022,4.052555306526508,15,23.171462640224135,True,50
E09000017,Hillingdon,2,London Borough,London,2014,2.97592271908402,10,14.257874608954221,False,22
E09000017,Hillingdon,2,London Borough,London,2018,2.2473711356196406,8,13.072464814022501,False,22
E09000017,Hillingdon,2,London Borough,London,2022,1.9385252670366198,11,23.25735909079834,True,42
E09000018,Hounslow,2,London Borough,London,2014,2.6565875916145223,8,13.933425230485396,False,20
E09000018,Hounslow,2,London Borough,London,2018,2.579082298864069,8,12.87823758742056,False,20
E09000018,Hounslow,2,London Borough,London,2022,1.8902288785965116,7,23.02115370373647,True,55
E09000019,Islington,2,London Borough,London,2014,2.631360073697046,7,13.232748492628591,False,16
E09000019,Islington,2,London Borough,London,2018,2.3886286574637365,8,13.542154476638986,False,16
E09000019,Islington,2,London Borough,London,2022,2.1488711319118687,10,24.960776270221896,True,55
E09000020,Kensington and Chelsea,2,London Borough,London,2014,2.3504050585195895,6,11.387879344503196,False,18
E09000020,Kensington and Chelsea,2,London Borough,London,2015,1.8735756942910367,3,54.5264175257732,False,1
E09000020,Kensington and Chelsea,2,London Borough,London,2016,1.8429732109437793,4,23.26656394453005,False,1
E09000020,Kensington and Chelsea,2,London Borough,London,2018,2.5629196153576106,8,14.427018237041217,False,18
E09000020,Kensington and Chelsea,2,London Borough,London,2022,1.998633102859919,7,25.328219541999815,True,40
E09000021,Kingston upon Thames,2,London Borough,London,2014,3.5175088745936645,8,15.609779363903666,False,16
E09000021,Kingston upon Thames,2,London Borough,London,2015,4.011366706481589,7,71.27122211309106,False,2
E09000021,Kingston upon Thames,2,London Borough,London,2018,2.656856342331004,8,16.706281349749204,False,16
E09000021,Kingston upon Thames,2,London Borough,London,2022,2.2848335711363013,12,25.616325136612023,True,60
E09000022,Lambeth,2,London Borough,London,2014,2.848041607392452,9,12.127522771385678,False,21
E09000022,Lambeth,2,London Borough,London,2015,3.3270315010946714,6,69.58393113342898,False,1
E09000022,Lambeth,2,London Borough,London,2018,2.737138075188636,12,12.61065138030766,False,21
E09000022,Lambeth,2,London Borough,London,2022,2.3724798575568102,10,31.07089506724103,True,76
E09000023,Lewisham,2,London Borough,London,2014,3.2035184156102523,11,13.960445524635393,False,18
E09000023,Lewisham,2,London Borough,London,2018,2.4377255731573144,13,13.50312281153082,False,18
E09000023,Lewisham,2,London Borough,London,2022,2.5662095694763094,9,25.063931209137134,True,42
E09000024,Merton,2,London Borough,London,2014,2.8055413765219086,9,14.54577860954227,False,20
E09000024,Merton,2,London Borough,London,2016,1.7800573666342798,5,47.19252979481509,False,1
E09000024,Merton,2,London Borough,London,2018,2.9179608009928826,10,14.442780266680805,False,20
E09000024,Merton,2,London Borough,London,2022,2.2866918572694845,9,26.437382704970933,True,56
E09000025,Newham,2,London Borough,London,2014,2.023748709847614,10,13.527425415435632,False,20
E09000025,Newham,2,London Borough,London,2015,2.5469992125095486,6,66.34827332843497,False,1
E09000025,Newham,2,London Borough,London,2018,1.7212564227107991,10,12.277317340392106,False,20
E09000025,Newham,2,London Borough,London,2022,2.0992194083659856,9,24.193131212537484,True,52
E09000026,Redbridge,2,London Borough,London,2014,2.8680959974838642,9,14.360909238298065,False,21
E09000026,Redbridge,2,London Borough,London,2016,3.3554650771346224,6,54.13642960812772,False,1
E09000026,Redbridge,2,London Borough,London,2018,2.1410645208227135,6,12.321085857865375,False,22
E09000026,Redbridge,2,London Borough,London,2022,1.953884686892253,7,25.11638983259188,True,40
E09000027,Richmond upon Thames,2,London Borough,London,2014,3.087971958179511,6,16.889916757044052,False,18
E09000027,Richmond upon Thames,2,London Borough,London,2018,2.688617149090624,8,20.026208860103136,False,18
E09000027,Richmond upon Thames,2,London Borough,London,2022,2.714919285235984,8,30.324577338230682,True,40
E09000028,Southwark,2,London Borough,London,2014,3.200894741503169,8,13.099548641493072,False,21
E09000028,Southwark,2,London Borough,London,2015,3.269015059314144,7,57.7473722363175,False,1
E09000028,Southwark,2,London Borough,London,2016,2.7841995061877616,7,47.7680412371134,False,2
E09000028,Southwark,2,London Borough,London,2018,2.6434472513682095,10,11.326070692140654,False,23
E09000028,Southwark,2,London Borough,London,2022,2.186071793182041,10,26.425771468577775,True,55
E09000029,Sutton,2,London Borough,London,2014,3.304192200020042,10,15.682971762037155,False,18
E09000029,Sutton,2,London Borough,London,2018,3.1681716255786396,8,15.49237495906464,False,18
E09000029,Sutton,2,London Borough,London,2022,2.27915513901601,8,26.858282538623982,True,44
E09000030,Tower Hamlets,2,London Borough,London,2014,3.4236095792023415,10,19.17158381410081,False,20
E09000030,Tower Hamlets,2,London Borough,London,2018,3.668578165363431,9,20.118243520846686,False,20
E09000030,Tower Hamlets,2,London Borough,London,2022,3.103964598082096,10,29.256870088028506,True,45
E09000031,Waltham Forest,2,London Borough,London,2014,2.8833626446101905,8,14.291214907665795,False,19
E09000031,Waltham Forest,2,London Borough,London,2018,2.4416833276010674,9,14.172617707449335,False,19
E09000031,Waltham Forest,2,London Borough,London,2022,1.86383926919194,8,25.812807507161637,True,46
E09000032,Wandsworth,2,London Borough,London,2014,2.7075373495657002,8,13.90077258331472,False,20
E09000032,Wandsworth,2,London Borough,London,2015,2.5746777719927025,5,72.51201098146876,False,1
E09000032,Wandsworth,2,London Borough,London,2018,2.7229874832327514,9,15.92024695106523,False,20
E09000032,Wandsworth,2,London Borough,London,2022,1.9832391082567389,8,30.371213966160987,True,45
E09000033,Westminster,2,London Borough,London,2014,2.583979456752948,6,12.032376253001221,False,20
E09000033,Westminster,2,London Borough,London,2015,2.008004828326623,3,61.39504982320797,False,1
E09000033,Westminster,2,London Borough,London,2016,1.888768025894622,5,43.89551391254969,False,1
E09000033,Westminster,2,London Borough,London,2018,2.5467164798973716,7,12.865617365777352,False,20
E09000033,Westminster,2,London Borough,London,2022,2.1337278344692057,8,24.398752603933062,True,33
